model,n_pairs,pair_mean_mean,pair_mean_median,pair_mean_sd,frac_pair_mean_pos,t_stat,t_p_onesided_greater,t_p_twosided,cohend,mean_ci95_low,mean_ci95_high,wilcoxon_stat,wilcoxon_p_onesided_greater,wilcoxon_p_twosided,rank_biserial_r,median_boot_ci95_low,median_boot_ci95_high
llama3.2-1b,45,1.0713367091284858,1.0298845767974854,0.24383002257036648,1.0,29.474406184466602,6.535587082321188e-31,1.3071174164642375e-30,4.3937850549938355,0.9980820606251095,1.144591357631862,1035.0,2.842170943040401e-14,5.684341886080802e-14,1.0,0.9573976993560791,1.1444554328918457
gemma3-1b-pt,45,0.3604817973242866,0.3768432140350342,0.3053020612713924,0.8444444444444444,7.9206324396729855,2.622993004728493e-10,5.245986009456986e-10,1.1807381706599196,0.2687589038510767,0.4522046907974965,976.0,2.5786448532016948e-09,5.1572897064033896e-09,0.8859903381642512,0.277400016784668,0.49057936668395996
