model,condition,n_pairs,mean,median,frac_pos,t_stat,t_p_onesided_greater,t_p_twosided,wilcoxon_p_onesided_greater,cohend,mean_boot_ci95_low,mean_boot_ci95_high
gemma3-1b-pt,plain_array,45,,,0.0,,,,,,,
gemma3-1b-pt,return_array,45,,,0.0,,,,,,,
gemma3-1b-pt,subscribe,45,,,0.0,,,,,,,
gemma3-1b-pt,useEffect,45,,,0.0,,,,,,,
llama3.2-1b,plain_array,45,1.4243923611111111,1.4296875,1.0,21.513525944706306,2.782899938147995e-25,5.56579987629599e-25,2.588181391935993e-09,3.2070470965379116,1.2960069444444444,1.55859375
llama3.2-1b,return_array,45,2.9631944444444445,2.96875,1.0,45.37442981041676,6.844371076292845e-39,1.368874215258569e-38,2.5889043007031392e-09,6.764020633092318,2.8375868055555555,3.086117621527778
llama3.2-1b,subscribe,45,1.1926215277777779,1.27734375,1.0,20.127295517164693,4.0024650063534545e-24,8.004930012706909e-24,2.586013740314653e-09,3.000400065307136,1.0724761284722222,1.3056510416666667
llama3.2-1b,useEffect,45,1.2842013888888888,1.28515625,0.9777777777777777,17.89772620193131,4.0409580934797484e-22,8.081916186959497e-22,2.764867939286414e-09,2.668035495346502,1.1425347222222222,1.4182313368055555
