model,condition,n_pairs,mean,median,frac_pos,t_stat,t_p_onesided_greater,t_p_twosided,wilcoxon_p_onesided_greater,cohend,mean_boot_ci95_low,mean_boot_ci95_high
gemma3-1b-pt,plain_array,45,1.1125,1.09375,1.0,18.296124792880835,1.7161154013712162e-22,3.4322308027424323e-22,2.5809621505716443e-09,2.727425250780054,0.9958333333333333,1.231953125
gemma3-1b-pt,return_array,45,0.7489583333333333,0.765625,1.0,16.760324852002828,5.05898056233942e-21,1.011796112467884e-20,2.573760784727914e-09,2.498481712937162,0.6625,0.8357638888888889
gemma3-1b-pt,subscribe,45,2.2291666666666665,2.1875,1.0,37.16696683341745,3.570148309317974e-35,7.140296618635949e-35,2.5716038549717398e-09,5.540524290466768,2.114921875,2.3444444444444446
gemma3-1b-pt,useEffect,45,2.354513888888889,2.34375,1.0,40.18811015383825,1.2622623622092733e-36,2.5245247244185465e-36,2.5751996296950183e-09,5.990889746082125,2.2427083333333333,2.471883680555555
llama3.2-1b,plain_array,45,1.4277777777777778,1.40625,1.0,21.490192254560036,2.9071772241537665e-25,5.814354448307533e-25,2.562992168772601e-09,3.20356871538238,1.2972222222222223,1.5625
llama3.2-1b,return_array,45,2.9659722222222222,3.0,1.0,45.45195553235472,6.358854773729271e-39,1.2717709547458541e-38,2.5723226532489137e-09,6.775577485376186,2.8402604166666667,3.0909722222222222
llama3.2-1b,subscribe,45,1.1909722222222223,1.21875,1.0,20.361780413830896,2.5234116129584847e-24,5.0468232259169694e-24,2.5608432502698745e-09,3.0353550098833124,1.0728993055555556,1.3020833333333333
llama3.2-1b,useEffect,45,1.2902777777777779,1.28125,0.9777777777777777,18.514348385013307,1.0800906267677458e-22,2.1601812535354916e-22,3.7725220135139995e-09,2.759956103200213,1.1520659722222222,1.4201388888888888
